K,Baseline Precision,Fine-tuned Precision,Improvement,Improvement %
5,0.02571230020847811,0.03432939541348159,0.008617095205003478,33.51351351351353
10,0.020152883947185545,0.02856150104239055,0.008408617095205004,41.724137931034484
20,0.016087560806115356,0.021994440583738707,0.005906879777623351,36.71706263498922
50,0.01210562890896456,0.016344683808200137,0.004239054899235577,35.01722158438574
100,0.009346768589298123,0.012807505211952746,0.003460736622654623,37.026022304832736
